1;Tomatensauce;Mozzarella;Oregano
2;Tomatensauce;Mozzarella;Kapern;Sardellen;Oregano
3;Tomatensauce;Mozzarella;Funghi;Oregano
4;Tomatensauce;Mozzarella;Hinterschinken;Oregano
5;Tomatensauce;Mozzarella;Hinterschinken;Funghi;Oregano
6;Tomatensauce;Mozzarella;Hinterschinken;Funghi;Peperoni;Artischocken;Oregano
7;Tomatensauce;Mozzarella;Meeresfrüchte;Knoblauch;Oregano
8;Tomatensauce;Mozzarella;Hinterschinken;Funghi;Artischocken;Oregano
9;Mozzarella;Speck;Gorgonzola;Birnen;Oregano
10;Tomatensauce;Mozzarella;Hinterschinken;Funghi;Peperoni;Kapern;Zwiebeln;Oliven;Brokkolli;Salami Pikante;Knoblauch;Oregano
11;Tomatensauce;Mozzarella;Gorgonzola;Parmesan;Oregano
12;Tomatensauce;Mozzarella;Parma Schinken;Oregano
13;Tomatensauce;Mozzarella;Salami Pikante;Oliven;Oregano
14;Tomatensauce;Mozzarella;Mild Salami;Oregano
15;Tomatensauce;Mozzarella;Hinterschinken;Funghi;Peperoni;Artischocken;Sardellen;Ei;Oregano
16;Tomatensauce;Mozzarella;Speck;Peperoni;Oregano
17;Tomatensauce;Mozzarella;Hinterschinken;Funghi;Spinat;Oregano
18;Tomatensauce;Mozzarella;Hinterschinken;Ei;Oregano
19;Tomatensauce;Mozzarella;Hinterschinken;Ananas;Oregano
20;Tomatensauce;Mozzarella;Krevetten;Oregano
21;Tomatensauce;Mozzarella;Funghi;Sardellen;Peperoncini;Oregano
22;Tomatensauce;Mozzarella;Thunfisch;Zwiebeln;Oregano
23;Tomatensauce;Mozzarella;Salami Pikante;Peperoncini;Oregano
24;Tomatensauce;Mozzarella;Funghi;Peperoni;Artischocken;Oliven;Zwiebeln;Brokkolli;Spinat;Oregano
25;Tomatensauce;Mozzarella;Steinpilz;Oregano
26;Tomatensauce;Mozzarella;Speck;Spinat;Artischocken;Oregano
27;Tomatensauce;Mozzarella;Hinterschinken;Spinat;Ei;Oregano
28;Tomatensauce;Mozzarella;Zwiebeln;Oregano
29;Tomatensauce;Mozzarella;Hinterschinken;Peperoni;Zwiebeln;Oliven;Mais;Oregano
30;Tomatensauce;Mozzarella;Hinterschinken;Zwiebeln;Speck;Knoblauch;Oregano
35;Tomatensauce;Knoblauch;Peperoncini
36;Tomatensauce;Hackfleisch
37;Tomatensauce;Basilikum
38;Rahmsauce;Speck;Ei
39;Tomatensauce;Meeresfrüchte
40;Tomatensauce;Hinterschinken;Salami Pikante;Funghi;Oliven;Knoblauch;Zwiebeln;Peperoni;Kapern